Business Name,Address,Phone,Website
SAS TAUNUS FLIESENLEGER•MEISTERBETRIEB,· Louisenstraße 130 B,· 0176 62630868,http://www.sas-taunus.de/
Silikonfugen,· Gartenstraße 23,· 0160 96226233,
Alter Schwede GmbH,· Stettiner Str. 1,· 06172 9965660,
Lotz GmbH Bäderstudio-Energiesparzentrum-Sanitär-Heizung,· Louisenstraße 118,· 06172 22473,http://www.lotz-sanitaer-heizung.de/
Maus GmbH,· Feldstraße 36,· 06172 41243,http://www.maus-bad-design.de/
MainRoyalHandwerk,· Obergasse 18,· 0174 4793477,https://mainroyalhandwerk.de/
Handwerker Zielinski,· Feldbergstraße 42,· 0162 2895616,http://www.facebook.com/HandwerkerZielinski/
VB Elektrotechnik GmbH,· Auf d. Schanze 41,· 06172 9453608,http://www.vb-elektro.de/
Instala GmbH,· Daimlerstraße 12,· 06172 923200,http://www.instala.de/
Elektro Eichhorn GmbH,· Thomasstraße 1,· 06172 28008,https://www.eichhorngmbh.de/
Glaserei Hofmann,· Ober-Eschbacher Str. 6,· 06172 948350,https://glaserei-hofmann.de/
Innenausbau Aljosa Stikovac,· An d. Leimenkaut 4,· 0177 3393279,https://as-innenarbeiten.de/
Stephan Roth Gas- u. Wasserinstallation,· Im Eschbachtal 13A,· 06172 451168,https://www.meisterbetrieb-roth.de/
Huhn Bad + Heizung,· Niederstedter Weg 11,· 06172 93063,https://www.huhn-badstudio.de/
Wilhelm Sadtler GmbH & Co.KG,· Dietigheimer Str. 16,· 06172 84554,http://wilhelm-sadtler.de/
Merkel GmbH Baudekoration Malerfachbetrieb,· Ober-Eschbacher Str. 80,· 06172 450226,https://www.merkel-baudekoration.de/
Gebr. Hett Haustechnik GmbH & Co. KG,· Kirdorfer Str. 60,· 06172 81014,https://www.hett.de/home.aspx?utm_source=localq&utm_medium=organic&utm_campaign=localq
Reichert GmbH & Co. KG,· Tannenwaldallee 2,· 06172 37979,https://www.reichert-paint.de/
Gary Horn Hausmeisterservice,· Dillinger Str. 66,· 0176 23535127,
Baudi Wasserschaden Notdienst Bad Homburg,· Tiefenbachwiesen 5,· 0176 25559583,https://www.sanitaer-notdienst-wasserschaden-frankfurt.de/
Michael Knauth Installation,· Neue Mauerstraße 11,06172 21910,http://www.michaelknauth.de/
HTH-Haustechnik GmbH,· Homburger Landstraße 48A,· 06171 8669155,http://www.hth-haustechnik.com/
Möbel Meiss,· Louisenstraße 98,· 06172 67900,https://www.moebelmeiss.de/
Walther Bedachungs GmbH,· Pfingstbornstraße 3,· 06172 41559,http://www.dachdecker-hg.de/
Andreas Kunz GmbH,· Höhenstraße 6,· 06172 778124,https://www.schreinerei-a-kunz.de/?utm_source=gmb&utm_medium=organic
Malerfachbetrieb Michael Bachmann,· Urseler Str. 49,· 06172 2657915,https://malerfinder.de/bad-homburg-vor-der-hoehe/9543-malerfachbetrieb-michael-bachmann
H. Silzer GmbH,· Urseler Str. 65B,· 06172 81457,
Birkenfeld Ihr Malermeister,· Kirdorfer Str. 7,· 06172 985515,https://malerfinder.de/bad-homburg-vor-der-hoehe/9549-birkenfeld-ihr-malermeister
Glaserei Bovensiepen & Stöckel,· Elisabethenstraße 1,· 06172 22549,http://www.glaserei-bad-homburg.de/
Hoffmann Haustechnik GmbH,· Köpperner Str. 41,· 06175 1636,https://www.hoffmann-haustechnik.de/
Peter Kaulfuß Dachdeckermeisterbetrieb,· Morrstraße 8,· 06172 8070230,https://www.dachdecker-kaulfuss.de/
Malerbetrieb Merkel GmbH,· Ahlweg 2,· 0172 7875176,https://www.malerbetrieb-merkel.de/
Cloos Schreinerei und Pietät GmbH,· Schmaler Weg 2,· 06172 41941,http://www.cloos-schreinerei.de/?utm_source=gmb&utm_medium=organic
AND Badsanierung - AND Wohnbau GmbH,· Oberurseler Str. 3,· 0172 2060800,https://andbadsanierung.de/
Zdralek GmbH,· Ob. Zeil 4,· 06171 63663,https://betonundfugen.de/
Schreinerei Kunz GmbH,· Weilstraße 4,· 06171 21940,http://www.schreinerei-kunz.de/
Gebäudeservice ZAHRADNIK,· Zum Bergwerk 16,· 0170 1115806,
lpm metall & ladenbau gmbh,· Industriestraße 5,06007 9148901,https://schreinerei-siegesmund.info/
haus-instandhaltung,· Ziegelhofring 40,· 06181 4405066,http://www.haus-instandhaltung.de/
Matthias Mayer GmbH,· Rudolf-Braas-Straße 1,· 06175 4309220,
Raumausstatter Leiman,· Hauptstraße 3,06172 8569518,https://www.raumausstatter-leiman.de/kontakt
Elektrotechnik Florian Dietz,· Rodheimer Str. 2a,· 06007 8360,https://www.elektrotechnik-dietz.de/
Stefan Brüderle Dachdeckermeister,· Bleichstraße 6,06171 4497,
Bauunternehmung Engel e.K. Inhaber Armin Lepper,· Oberurseler Str. 66,· 06171 9128671,http://www.bauunternehmen-engel.de/
Mario Fey Heiztechnik,· Industriestraße 12,· 06172 8552755,http://www.fey-heiztechnik.de/
Bautrockner-Verleih DE | Frankfurt Nieder-Eschbach,· Berner Str. 69,· 0174 7329620,https://bautrocknerfrankfurt.de/
Michael Neumann Elektroinstallation,· Eichäckerstraße 1,06172 77217,http://www.neumann-elektro.de/
Ferreira & Goncalves Malerarbeiten,· Hohlweg 6,· 0176 10447766,https://malerfinder.de/rosbach-vor-der-hoehe/9454-ferreira-marco--goncalves-veiga-marco-gbr
Handwerker fedco ihtiandru,· Geschwister-Scholl-Straße 76,· 01521 6475283,https://handwerkerfedco.de/
Nimonaj Main Handwerker GmbH - Zimmerei | Dachdeckerei | Innenausbau,Zimmermann,· 0179 1080071,http://www.main-handwerker.de/
Blaurock - viel mehr als nur Fenster und Türen,· Köpperner Str. 43,· 06175 210,https://www.blaurock.de/
Dachdeckerei Brüderle GmbH,· Herzog-Adolf-Straße 19,06171 4497,http://www.dachdeckerei-bruederle.com/
M. Kinder - Fliesenverlegung,· Berner Str. 20,0179 4592982,https://www.klick-deinen-fliesenleger.de/fliesenleger-fliesen-frankfurt-am-main-hessen-kinder-fliesenverlegung-ID63
Evabau-Sanierung,· Keltenstraße 9,Geschlossen · Öffnet um 07:00,https://evabau-sanierung.de/
Jörges & Schimm GmbH,· Am Hollerbusch 44,069 5074155,
PP Kronberg,· Mainblick 14,· 0177 6537358,http://www.pp-bauhandwerker.de/
Petzoldt & Umbreit GmbH,· In d. Riedwiese 5,06171 885864,https://petzoldt-umbreit.de/
Harald Rehorn & Partner GmbH,· Berner Str. 61,· 069 5074047,http://www.rehorn-partner.de/
SK Handwerk & Montage Service - Serdar Kaynakci,· Messelweg 74,· 01578 3811004,https://www.sk-handwerkservice.de/
Elektro Reidelbach,· Königsberger Str. 25,· 06007 917200,http://www.elektro-reidelbach.de/
Mazur Fliesenleger-Meisterbetrieb,· 140 Kurhessenstraße,· 069 95738444,https://www.google.com/aclk?sa=L&ai=DChsSEwjowMvEwK-SAxW90kQHHSpxOeIYACICCAEQAhoCZWY&co=1&ase=2&gclid=Cj0KCQiAhOfLBhCCARIsAJPiopPsEEzXuml-XmEey_moHR3Nv-xu4Vdv8TSLezVlCjgBu_DXXkXMkLkaApxzEALw_wcB&cce=2&category=acrcp_v1_32&sig=AOD64_1tUycG5Opc7_-VL1bVeIy1Yr3Fpg&adurl&q&ctype=99&nis=6
pintura Die Renovierer UG,· 11 Am Christhäuschen,· 0176 23228110,https://www.google.com/aclk?sa=L&ai=DChsSEwjowMvEwK-SAxW90kQHHSpxOeIYACICCAEQARoCZWY&co=1&ase=2&gclid=Cj0KCQiAhOfLBhCCARIsAJPiopOQXYHd1MRluT8G_8S131X4jZ0XoTbPhIfW0p10_wcNlsN38t4snY4aAt66EALw_wcB&cce=2&category=acrcp_v1_32&sig=AOD64_3Nfpnn0_AkXrKsEFSfTKYj4qh13w&adurl&q&ctype=99&nis=6
Christian Reul Schreinermeister und geprüfter Restaurator i.H.,· Am Entenpfad 5,· 06101 984405,https://www.schreinermeister-reul.de/?utm_source=gmb&utm_medium=organic
Tophand Haustechnik,Allround-Handwerker,· 0177 8792843,https://www.tophand-haustechnik.de/
Die Burschen,· Johanna-Tesch-Str. 6,· 0174 4038747,https://www.die-burschen.de/
ntronic Frankfurt am Main,· Genfer Str. 4B,· 069 66961981,http://www.ntronic.de/
Frost Kälte & Klimatechnik B. Schier,· Steingasse 4,· 06039 41407,http://www.frost-schier.de/
Schlosserei Thomas Epp,· Harheimer Weg 2,· 069 503178,http://www.schlosserei-epp.de/
TT-Trocknungstechnik,· Industriestraße 7a,· 069 80905775,https://tt-trocknungstechnik.de/
Abendroth Heiztec GmbH & Co.KG,· Zeppelinstraße 2,· 06101 542506,http://www.abendroth-heizung.de/
Küstner Allround-Handwerker,· Falkensteiner Str. 23,06174 9350062,
renovieren in hessen - kostenlose Profi Tipps,· Bernadottestraße 26,,http://verbrauchertipps-hessen.jimdosite.com/
Renovierungsbetrieb Bad Homburg,Allround-Handwerker,· 01573 5189735,https://www.renovierungs-betrieb.de/
Ihr kleiner Helfer,· Taunusstraße 15,· 0174 5920775,http://ihr-kleiner-helfer-rohr-dachrinnenreinigung.jimdosite.com/
Bohn Holzbau & Dachdeckerei GmbH & Co.KG,· Am Weißkirchener Bahnhof 5,· 06171 979309,https://bohnholzbau.de/
Jens Pfeiffer WDB Baudesign,· Preulgasse 23a,· 01573 7557567,
Handwerker.work,· Adalbertstraße,· 069 26029209,http://www.handwerker.work/
Richter+Frenzel ProfiStore Frankfurt am Main,· Genfer Str. 4B,· 069 340078670,https://www.richter-frenzel.de/handwerker/sanitaergrosshandel/725-60437-frankfurt-am-main
ABH-Heizung und Sanitär,· Bonameser Str. 44,· 069 34867719,
Hildmann Bad & Heizung e.K.,· Sodener Str. 21A,· 06173 93680,https://www.hildmann24.de/
Stephan Lehr Sanitärinstallations GmbH,· Marktpl. 7,· 06101 500066,http://www.heizung-sanitaer-stephanlehr.de/
Verbraucher suchen qualifizierte Handwerker in Hessen,· Bernadottestraße 26,,http://verbrauchertipps-hessen.jimdosite.com/
pintura Die Renovierer UG,· 11 Am Christhäuschen,· 0176 23228110,https://www.google.com/aclk?sa=L&ai=DChsSEwjCw5_HwK-SAxWOo4MHHWjVMIEYACICCAEQBBoCZWY&co=1&ase=2&gclid=Cj0KCQiAhOfLBhCCARIsAJPiopNZp3AqeKDd1DRR4IdoTowERUhJhUYKL0xYv-UF_LaMqoJNdBox9jEaAnuPEALw_wcB&cce=2&category=acrcp_v1_32&sig=AOD64_2dCofzML22lj8J8vvNuL4Bl_cmLg&adurl&q&ctype=99&nis=6
Pirku Bau GmbH,· 18 Haydnstraße,· 01573 7318142,https://www.google.com/aclk?sa=L&ai=DChsSEwjCw5_HwK-SAxWOo4MHHWjVMIEYACICCAEQCRoCZWY&co=1&ase=2&gclid=Cj0KCQiAhOfLBhCCARIsAJPiopPfleohbcHLbmYSUZ1PNAyglXhBHhCvMsUVbnVTyXVeKyb9ummzqakaAjecEALw_wcB&cce=2&category=acrcp_v1_32&sig=AOD64_23CLYOG-u2TejKl5pFBADYzEez6g&adurl&q&ctype=99&nis=6
ÜA Allround Handwerker GmbH,"· Lyoner Stern, Hahnstraße 70",Geschlossen · Öffnet um 07:00,http://www.allround-handwerker.com/
Garten & Landschaftsbau Bolkart Über 25 Jahre Erfahrung!,· Sebastian-Kneipp-Straße 106,· 069 79534967,http://www.garten-landschaftsbau-bolkart.de/
Wilhelm Kressmann Rohrleitungsbau GmbH,· Eckstraße 2,06101 404300,http://www.kressmann.info/
Mikis-Handwerker,· Hausener Weg 39-41,· 0179 2043669,
Wagner Ulf-Stefan Meister im Dachdeckerhandwerk,· Chattenweg 16,06039 43541,http://www.wagner-derdachdeckermeister-karben.de/
Handwerker 069 | Allround & Hausmeister Service Frankfurt,· Mainzer Landstraße 717,· 0160 97048155,https://www.handwerker-069-frankfurt.de/
Workfactory Richter,· Hachenburger Str. 2-10,0175 6139353,